Keyword,Avg. Search Volume,KD,canh tranh
things to do in atlantic city,14800,38,"1,480"
best hotels in atlantic city,2316,44,536
city of atlantis,6600,44,"613,000"
atlantic city hotels,110387,47,
resorts atlantic city,12100,48,
hotels near atlantic city,1933,52,
atlantic city casino hotels,2420,53,
atlantic city,246000,56,
atlantic city new jersey,14809,59,
hotels in atlantic city nj,5317,,
atlantic city boardwalk,22200,,
atlantic city events,5378,,
atlantic city casinos,22159,,
atlantic city shows,8100,,
atlantic city hotels on boardwalk,2400,,
atlantic city packages,480,,
atlantic city entertainment,1600,,
atlantic city beach,5400,,
cheap hotels in atlantic city,6627,,
hoteles en atlantic city,1300,,
atlantic city boardwalk hotels,5400,,
cheap atlantic city hotels,1900,,
atlantic city rooms,1600,,
atlantic city deals,880,,
atlantic city vacation,390,,
